Segmento,NCM,Descrição,II_%,IPI_%,PIS_%,COFINS_%,Anuência,Origem,Destino,Incoterm,Moeda,Câmbio_BRLUSD,FOB,Frete_internacional,Seguro_internacional,Outras_despesas_origem,Outras_despesas_destino,Valor_aduaneiro_CIF,II_valor,Base_IPI,IPI_valor,Base_PIS_COFINS,PIS_valor,COFINS_valor,AFRMM,Taxa_Siscomex,ICMS,CBS_to_be,IBS_to_be,Custo_as_is,Custo_to_be
,3301.12.10,De petit grain,12.6,3.25,2.1,9.65,"ANVISA — RDC 16/2014, 752/2022, 949/2024, 907/2024",,,FOB,USD,,,,,,,=FOB+Frete_internacional+Seguro_internacional,=Valor_aduaneiro_CIF*II_%/100,=Valor_aduaneiro_CIF+II_valor,=Base_IPI*IPI_%/100,=Valor_aduaneiro_CIF+II_valor+IPI_valor,=Base_PIS_COFINS*PIS_%/100,=Base_PIS_COFINS*COFINS_%/100,,,,,,=FOB+Frete_internacional+Seguro_internacional+II_valor+IPI_valor+PIS_valor+COFINS_valor+AFRMM+Taxa_Siscomex+ICMS+Outras_despesas_origem+Outras_despesas_destino,=FOB+Frete_internacional+Seguro_internacional+II_valor+IPI_valor+AFRMM+Taxa_Siscomex+ICMS+CBS_to_be+IBS_to_be+Outras_despesas_origem+Outras_despesas_destino
,3301.12.90,Outros,12.6,3.25,2.1,9.65,"ANVISA — RDC 16/2014, 752/2022, 949/2024, 907/2024",,,FOB,USD,,,,,,,=FOB+Frete_internacional+Seguro_internacional,=Valor_aduaneiro_CIF*II_%/100,=Valor_aduaneiro_CIF+II_valor,=Base_IPI*IPI_%/100,=Valor_aduaneiro_CIF+II_valor+IPI_valor,=Base_PIS_COFINS*PIS_%/100,=Base_PIS_COFINS*COFINS_%/100,,,,,,=FOB+Frete_internacional+Seguro_internacional+II_valor+IPI_valor+PIS_valor+COFINS_valor+AFRMM+Taxa_Siscomex+ICMS+Outras_despesas_origem+Outras_despesas_destino,=FOB+Frete_internacional+Seguro_internacional+II_valor+IPI_valor+AFRMM+Taxa_Siscomex+ICMS+CBS_to_be+IBS_to_be+Outras_despesas_origem+Outras_despesas_destino
,3301.13.00,-- De limão,12.6,3.25,2.1,9.65,"ANVISA — RDC 16/2014, 752/2022, 949/2024, 907/2024",,,FOB,USD,,,,,,,=FOB+Frete_internacional+Seguro_internacional,=Valor_aduaneiro_CIF*II_%/100,=Valor_aduaneiro_CIF+II_valor,=Base_IPI*IPI_%/100,=Valor_aduaneiro_CIF+II_valor+IPI_valor,=Base_PIS_COFINS*PIS_%/100,=Base_PIS_COFINS*COFINS_%/100,,,,,,=FOB+Frete_internacional+Seguro_internacional+II_valor+IPI_valor+PIS_valor+COFINS_valor+AFRMM+Taxa_Siscomex+ICMS+Outras_despesas_origem+Outras_despesas_destino,=FOB+Frete_internacional+Seguro_internacional+II_valor+IPI_valor+AFRMM+Taxa_Siscomex+ICMS+CBS_to_be+IBS_to_be+Outras_despesas_origem+Outras_despesas_destino
,3301.19.10,De lima,12.6,3.25,2.1,9.65,"ANVISA — RDC 16/2014, 752/2022, 949/2024, 907/2024",,,FOB,USD,,,,,,,=FOB+Frete_internacional+Seguro_internacional,=Valor_aduaneiro_CIF*II_%/100,=Valor_aduaneiro_CIF+II_valor,=Base_IPI*IPI_%/100,=Valor_aduaneiro_CIF+II_valor+IPI_valor,=Base_PIS_COFINS*PIS_%/100,=Base_PIS_COFINS*COFINS_%/100,,,,,,=FOB+Frete_internacional+Seguro_internacional+II_valor+IPI_valor+PIS_valor+COFINS_valor+AFRMM+Taxa_Siscomex+ICMS+Outras_despesas_origem+Outras_despesas_destino,=FOB+Frete_internacional+Seguro_internacional+II_valor+IPI_valor+AFRMM+Taxa_Siscomex+ICMS+CBS_to_be+IBS_to_be+Outras_despesas_origem+Outras_despesas_destino
,3301.19.90,Outros,12.6,3.25,2.1,9.65,"ANVISA — RDC 16/2014, 752/2022, 949/2024, 907/2024",,,FOB,USD,,,,,,,=FOB+Frete_internacional+Seguro_internacional,=Valor_aduaneiro_CIF*II_%/100,=Valor_aduaneiro_CIF+II_valor,=Base_IPI*IPI_%/100,=Valor_aduaneiro_CIF+II_valor+IPI_valor,=Base_PIS_COFINS*PIS_%/100,=Base_PIS_COFINS*COFINS_%/100,,,,,,=FOB+Frete_internacional+Seguro_internacional+II_valor+IPI_valor+PIS_valor+COFINS_valor+AFRMM+Taxa_Siscomex+ICMS+Outras_despesas_origem+Outras_despesas_destino,=FOB+Frete_internacional+Seguro_internacional+II_valor+IPI_valor+AFRMM+Taxa_Siscomex+ICMS+CBS_to_be+IBS_to_be+Outras_despesas_origem+Outras_despesas_destino
,3301.24.00,-- De hortelã-pimenta (Mentha piperita),12.6,3.25,2.1,9.65,"ANVISA — RDC 16/2014, 752/2022, 949/2024, 907/2024",,,FOB,USD,,,,,,,=FOB+Frete_internacional+Seguro_internacional,=Valor_aduaneiro_CIF*II_%/100,=Valor_aduaneiro_CIF+II_valor,=Base_IPI*IPI_%/100,=Valor_aduaneiro_CIF+II_valor+IPI_valor,=Base_PIS_COFINS*PIS_%/100,=Base_PIS_COFINS*COFINS_%/100,,,,,,=FOB+Frete_internacional+Seguro_internacional+II_valor+IPI_valor+PIS_valor+COFINS_valor+AFRMM+Taxa_Siscomex+ICMS+Outras_despesas_origem+Outras_despesas_destino,=FOB+Frete_internacional+Seguro_internacional+II_valor+IPI_valor+AFRMM+Taxa_Siscomex+ICMS+CBS_to_be+IBS_to_be+Outras_despesas_origem+Outras_despesas_destino
,3301.25.10,De menta japonesa (Mentha arvensis),10.8,3.25,2.1,9.65,"ANVISA — RDC 16/2014, 752/2022, 949/2024, 907/2024",,,FOB,USD,,,,,,,=FOB+Frete_internacional+Seguro_internacional,=Valor_aduaneiro_CIF*II_%/100,=Valor_aduaneiro_CIF+II_valor,=Base_IPI*IPI_%/100,=Valor_aduaneiro_CIF+II_valor+IPI_valor,=Base_PIS_COFINS*PIS_%/100,=Base_PIS_COFINS*COFINS_%/100,,,,,,=FOB+Frete_internacional+Seguro_internacional+II_valor+IPI_valor+PIS_valor+COFINS_valor+AFRMM+Taxa_Siscomex+ICMS+Outras_despesas_origem+Outras_despesas_destino,=FOB+Frete_internacional+Seguro_internacional+II_valor+IPI_valor+AFRMM+Taxa_Siscomex+ICMS+CBS_to_be+IBS_to_be+Outras_despesas_origem+Outras_despesas_destino
,3301.25.20,De mentha spearmint (Mentha viridis L.),0.0,3.25,2.1,9.65,"ANVISA — RDC 16/2014, 752/2022, 949/2024, 907/2024",,,FOB,USD,,,,,,,=FOB+Frete_internacional+Seguro_internacional,=Valor_aduaneiro_CIF*II_%/100,=Valor_aduaneiro_CIF+II_valor,=Base_IPI*IPI_%/100,=Valor_aduaneiro_CIF+II_valor+IPI_valor,=Base_PIS_COFINS*PIS_%/100,=Base_PIS_COFINS*COFINS_%/100,,,,,,=FOB+Frete_internacional+Seguro_internacional+II_valor+IPI_valor+PIS_valor+COFINS_valor+AFRMM+Taxa_Siscomex+ICMS+Outras_despesas_origem+Outras_despesas_destino,=FOB+Frete_internacional+Seguro_internacional+II_valor+IPI_valor+AFRMM+Taxa_Siscomex+ICMS+CBS_to_be+IBS_to_be+Outras_despesas_origem+Outras_despesas_destino
,3301.25.90,Outros,0.0,3.25,2.1,9.65,"ANVISA — RDC 16/2014, 752/2022, 949/2024, 907/2024",,,FOB,USD,,,,,,,=FOB+Frete_internacional+Seguro_internacional,=Valor_aduaneiro_CIF*II_%/100,=Valor_aduaneiro_CIF+II_valor,=Base_IPI*IPI_%/100,=Valor_aduaneiro_CIF+II_valor+IPI_valor,=Base_PIS_COFINS*PIS_%/100,=Base_PIS_COFINS*COFINS_%/100,,,,,,=FOB+Frete_internacional+Seguro_internacional+II_valor+IPI_valor+PIS_valor+COFINS_valor+AFRMM+Taxa_Siscomex+ICMS+Outras_despesas_origem+Outras_despesas_destino,=FOB+Frete_internacional+Seguro_internacional+II_valor+IPI_valor+AFRMM+Taxa_Siscomex+ICMS+CBS_to_be+IBS_to_be+Outras_despesas_origem+Outras_despesas_destino
,3301.29.11,De citronela,12.6,3.25,2.1,9.65,"ANVISA — RDC 16/2014, 752/2022, 949/2024, 907/2024",,,FOB,USD,,,,,,,=FOB+Frete_internacional+Seguro_internacional,=Valor_aduaneiro_CIF*II_%/100,=Valor_aduaneiro_CIF+II_valor,=Base_IPI*IPI_%/100,=Valor_aduaneiro_CIF+II_valor+IPI_valor,=Base_PIS_COFINS*PIS_%/100,=Base_PIS_COFINS*COFINS_%/100,,,,,,=FOB+Frete_internacional+Seguro_internacional+II_valor+IPI_valor+PIS_valor+COFINS_valor+AFRMM+Taxa_Siscomex+ICMS+Outras_despesas_origem+Outras_despesas_destino,=FOB+Frete_internacional+Seguro_internacional+II_valor+IPI_valor+AFRMM+Taxa_Siscomex+ICMS+CBS_to_be+IBS_to_be+Outras_despesas_origem+Outras_despesas_destino
,3301.29.12,De cedro,0.0,3.25,2.1,9.65,"ANVISA — RDC 16/2014, 752/2022, 949/2024, 907/2024",,,FOB,USD,,,,,,,=FOB+Frete_internacional+Seguro_internacional,=Valor_aduaneiro_CIF*II_%/100,=Valor_aduaneiro_CIF+II_valor,=Base_IPI*IPI_%/100,=Valor_aduaneiro_CIF+II_valor+IPI_valor,=Base_PIS_COFINS*PIS_%/100,=Base_PIS_COFINS*COFINS_%/100,,,,,,=FOB+Frete_internacional+Seguro_internacional+II_valor+IPI_valor+PIS_valor+COFINS_valor+AFRMM+Taxa_Siscomex+ICMS+Outras_despesas_origem+Outras_despesas_destino,=FOB+Frete_internacional+Seguro_internacional+II_valor+IPI_valor+AFRMM+Taxa_Siscomex+ICMS+CBS_to_be+IBS_to_be+Outras_despesas_origem+Outras_despesas_destino
,3301.29.13,De pau-santo (Bulnesia sarmientoi),12.6,3.25,2.1,9.65,"ANVISA — RDC 16/2014, 752/2022, 949/2024, 907/2024",,,FOB,USD,,,,,,,=FOB+Frete_internacional+Seguro_internacional,=Valor_aduaneiro_CIF*II_%/100,=Valor_aduaneiro_CIF+II_valor,=Base_IPI*IPI_%/100,=Valor_aduaneiro_CIF+II_valor+IPI_valor,=Base_PIS_COFINS*PIS_%/100,=Base_PIS_COFINS*COFINS_%/100,,,,,,=FOB+Frete_internacional+Seguro_internacional+II_valor+IPI_valor+PIS_valor+COFINS_valor+AFRMM+Taxa_Siscomex+ICMS+Outras_despesas_origem+Outras_despesas_destino,=FOB+Frete_internacional+Seguro_internacional+II_valor+IPI_valor+AFRMM+Taxa_Siscomex+ICMS+CBS_to_be+IBS_to_be+Outras_despesas_origem+Outras_despesas_destino
,3301.29.14,De lemongrass,12.6,3.25,2.1,9.65,"ANVISA — RDC 16/2014, 752/2022, 949/2024, 907/2024",,,FOB,USD,,,,,,,=FOB+Frete_internacional+Seguro_internacional,=Valor_aduaneiro_CIF*II_%/100,=Valor_aduaneiro_CIF+II_valor,=Base_IPI*IPI_%/100,=Valor_aduaneiro_CIF+II_valor+IPI_valor,=Base_PIS_COFINS*PIS_%/100,=Base_PIS_COFINS*COFINS_%/100,,,,,,=FOB+Frete_internacional+Seguro_internacional+II_valor+IPI_valor+PIS_valor+COFINS_valor+AFRMM+Taxa_Siscomex+ICMS+Outras_despesas_origem+Outras_despesas_destino,=FOB+Frete_internacional+Seguro_internacional+II_valor+IPI_valor+AFRMM+Taxa_Siscomex+ICMS+CBS_to_be+IBS_to_be+Outras_despesas_origem+Outras_despesas_destino
,3301.29.15,De pau-rosa,12.6,3.25,2.1,9.65,"ANVISA — RDC 16/2014, 752/2022, 949/2024, 907/2024",,,FOB,USD,,,,,,,=FOB+Frete_internacional+Seguro_internacional,=Valor_aduaneiro_CIF*II_%/100,=Valor_aduaneiro_CIF+II_valor,=Base_IPI*IPI_%/100,=Valor_aduaneiro_CIF+II_valor+IPI_valor,=Base_PIS_COFINS*PIS_%/100,=Base_PIS_COFINS*COFINS_%/100,,,,,,=FOB+Frete_internacional+Seguro_internacional+II_valor+IPI_valor+PIS_valor+COFINS_valor+AFRMM+Taxa_Siscomex+ICMS+Outras_despesas_origem+Outras_despesas_destino,=FOB+Frete_internacional+Seguro_internacional+II_valor+IPI_valor+AFRMM+Taxa_Siscomex+ICMS+CBS_to_be+IBS_to_be+Outras_despesas_origem+Outras_despesas_destino
,3301.29.16,De palma rosa,12.6,3.25,2.1,9.65,"ANVISA — RDC 16/2014, 752/2022, 949/2024, 907/2024",,,FOB,USD,,,,,,,=FOB+Frete_internacional+Seguro_internacional,=Valor_aduaneiro_CIF*II_%/100,=Valor_aduaneiro_CIF+II_valor,=Base_IPI*IPI_%/100,=Valor_aduaneiro_CIF+II_valor+IPI_valor,=Base_PIS_COFINS*PIS_%/100,=Base_PIS_COFINS*COFINS_%/100,,,,,,=FOB+Frete_internacional+Seguro_internacional+II_valor+IPI_valor+PIS_valor+COFINS_valor+AFRMM+Taxa_Siscomex+ICMS+Outras_despesas_origem+Outras_despesas_destino,=FOB+Frete_internacional+Seguro_internacional+II_valor+IPI_valor+AFRMM+Taxa_Siscomex+ICMS+CBS_to_be+IBS_to_be+Outras_despesas_origem+Outras_despesas_destino
,3301.29.17,De coriandro,12.6,3.25,2.1,9.65,"ANVISA — RDC 16/2014, 752/2022, 949/2024, 907/2024",,,FOB,USD,,,,,,,=FOB+Frete_internacional+Seguro_internacional,=Valor_aduaneiro_CIF*II_%/100,=Valor_aduaneiro_CIF+II_valor,=Base_IPI*IPI_%/100,=Valor_aduaneiro_CIF+II_valor+IPI_valor,=Base_PIS_COFINS*PIS_%/100,=Base_PIS_COFINS*COFINS_%/100,,,,,,=FOB+Frete_internacional+Seguro_internacional+II_valor+IPI_valor+PIS_valor+COFINS_valor+AFRMM+Taxa_Siscomex+ICMS+Outras_despesas_origem+Outras_despesas_destino,=FOB+Frete_internacional+Seguro_internacional+II_valor+IPI_valor+AFRMM+Taxa_Siscomex+ICMS+CBS_to_be+IBS_to_be+Outras_despesas_origem+Outras_despesas_destino
,3301.29.18,De cabreúva,12.6,3.25,2.1,9.65,"ANVISA — RDC 16/2014, 752/2022, 949/2024, 907/2024",,,FOB,USD,,,,,,,=FOB+Frete_internacional+Seguro_internacional,=Valor_aduaneiro_CIF*II_%/100,=Valor_aduaneiro_CIF+II_valor,=Base_IPI*IPI_%/100,=Valor_aduaneiro_CIF+II_valor+IPI_valor,=Base_PIS_COFINS*PIS_%/100,=Base_PIS_COFINS*COFINS_%/100,,,,,,=FOB+Frete_internacional+Seguro_internacional+II_valor+IPI_valor+PIS_valor+COFINS_valor+AFRMM+Taxa_Siscomex+ICMS+Outras_despesas_origem+Outras_despesas_destino,=FOB+Frete_internacional+Seguro_internacional+II_valor+IPI_valor+AFRMM+Taxa_Siscomex+ICMS+CBS_to_be+IBS_to_be+Outras_despesas_origem+Outras_despesas_destino
,3301.29.19,De eucalipto,10.8,3.25,2.1,9.65,"ANVISA — RDC 16/2014, 752/2022, 949/2024, 907/2024",,,FOB,USD,,,,,,,=FOB+Frete_internacional+Seguro_internacional,=Valor_aduaneiro_CIF*II_%/100,=Valor_aduaneiro_CIF+II_valor,=Base_IPI*IPI_%/100,=Valor_aduaneiro_CIF+II_valor+IPI_valor,=Base_PIS_COFINS*PIS_%/100,=Base_PIS_COFINS*COFINS_%/100,,,,,,=FOB+Frete_internacional+Seguro_internacional+II_valor+IPI_valor+PIS_valor+COFINS_valor+AFRMM+Taxa_Siscomex+ICMS+Outras_despesas_origem+Outras_despesas_destino,=FOB+Frete_internacional+Seguro_internacional+II_valor+IPI_valor+AFRMM+Taxa_Siscomex+ICMS+CBS_to_be+IBS_to_be+Outras_despesas_origem+Outras_despesas_destino
,3301.29.21,De alfazema ou lavanda,0.0,3.25,2.1,9.65,"ANVISA — RDC 16/2014, 752/2022, 949/2024, 907/2024",,,FOB,USD,,,,,,,=FOB+Frete_internacional+Seguro_internacional,=Valor_aduaneiro_CIF*II_%/100,=Valor_aduaneiro_CIF+II_valor,=Base_IPI*IPI_%/100,=Valor_aduaneiro_CIF+II_valor+IPI_valor,=Base_PIS_COFINS*PIS_%/100,=Base_PIS_COFINS*COFINS_%/100,,,,,,=FOB+Frete_internacional+Seguro_internacional+II_valor+IPI_valor+PIS_valor+COFINS_valor+AFRMM+Taxa_Siscomex+ICMS+Outras_despesas_origem+Outras_despesas_destino,=FOB+Frete_internacional+Seguro_internacional+II_valor+IPI_valor+AFRMM+Taxa_Siscomex+ICMS+CBS_to_be+IBS_to_be+Outras_despesas_origem+Outras_despesas_destino
,3301.29.22,De vetiver,12.6,3.25,2.1,9.65,"ANVISA — RDC 16/2014, 752/2022, 949/2024, 907/2024",,,FOB,USD,,,,,,,=FOB+Frete_internacional+Seguro_internacional,=Valor_aduaneiro_CIF*II_%/100,=Valor_aduaneiro_CIF+II_valor,=Base_IPI*IPI_%/100,=Valor_aduaneiro_CIF+II_valor+IPI_valor,=Base_PIS_COFINS*PIS_%/100,=Base_PIS_COFINS*COFINS_%/100,,,,,,=FOB+Frete_internacional+Seguro_internacional+II_valor+IPI_valor+PIS_valor+COFINS_valor+AFRMM+Taxa_Siscomex+ICMS+Outras_despesas_origem+Outras_despesas_destino,=FOB+Frete_internacional+Seguro_internacional+II_valor+IPI_valor+AFRMM+Taxa_Siscomex+ICMS+CBS_to_be+IBS_to_be+Outras_despesas_origem+Outras_despesas_destino
,3301.29.90,Outros,0.0,3.25,2.1,9.65,"ANVISA — RDC 16/2014, 752/2022, 949/2024, 907/2024",,,FOB,USD,,,,,,,=FOB+Frete_internacional+Seguro_internacional,=Valor_aduaneiro_CIF*II_%/100,=Valor_aduaneiro_CIF+II_valor,=Base_IPI*IPI_%/100,=Valor_aduaneiro_CIF+II_valor+IPI_valor,=Base_PIS_COFINS*PIS_%/100,=Base_PIS_COFINS*COFINS_%/100,,,,,,=FOB+Frete_internacional+Seguro_internacional+II_valor+IPI_valor+PIS_valor+COFINS_valor+AFRMM+Taxa_Siscomex+ICMS+Outras_despesas_origem+Outras_despesas_destino,=FOB+Frete_internacional+Seguro_internacional+II_valor+IPI_valor+AFRMM+Taxa_Siscomex+ICMS+CBS_to_be+IBS_to_be+Outras_despesas_origem+Outras_despesas_destino
,3301.30.00,- Resinoides,0.0,3.25,2.1,9.65,"ANVISA — RDC 16/2014, 752/2022, 949/2024, 907/2024",,,FOB,USD,,,,,,,=FOB+Frete_internacional+Seguro_internacional,=Valor_aduaneiro_CIF*II_%/100,=Valor_aduaneiro_CIF+II_valor,=Base_IPI*IPI_%/100,=Valor_aduaneiro_CIF+II_valor+IPI_valor,=Base_PIS_COFINS*PIS_%/100,=Base_PIS_COFINS*COFINS_%/100,,,,,,=FOB+Frete_internacional+Seguro_internacional+II_valor+IPI_valor+PIS_valor+COFINS_valor+AFRMM+Taxa_Siscomex+ICMS+Outras_despesas_origem+Outras_despesas_destino,=FOB+Frete_internacional+Seguro_internacional+II_valor+IPI_valor+AFRMM+Taxa_Siscomex+ICMS+CBS_to_be+IBS_to_be+Outras_despesas_origem+Outras_despesas_destino
,3301.90.10,"Soluções concentradas de óleos essenciais em gorduras, em óleos fixos, em ceras ou em matérias análogas, obtidas por tratamento de flores através de substâncias gordas ou por maceração",12.6,3.25,2.1,9.65,"ANVISA — RDC 16/2014, 752/2022, 949/2024, 907/2024",,,FOB,USD,,,,,,,=FOB+Frete_internacional+Seguro_internacional,=Valor_aduaneiro_CIF*II_%/100,=Valor_aduaneiro_CIF+II_valor,=Base_IPI*IPI_%/100,=Valor_aduaneiro_CIF+II_valor+IPI_valor,=Base_PIS_COFINS*PIS_%/100,=Base_PIS_COFINS*COFINS_%/100,,,,,,=FOB+Frete_internacional+Seguro_internacional+II_valor+IPI_valor+PIS_valor+COFINS_valor+AFRMM+Taxa_Siscomex+ICMS+Outras_despesas_origem+Outras_despesas_destino,=FOB+Frete_internacional+Seguro_internacional+II_valor+IPI_valor+AFRMM+Taxa_Siscomex+ICMS+CBS_to_be+IBS_to_be+Outras_despesas_origem+Outras_despesas_destino
,3301.90.20,Subprodutos terpênicos residuais da desterpenação dos óleos essenciais,12.6,3.25,2.1,9.65,"ANVISA — RDC 16/2014, 752/2022, 949/2024, 907/2024",,,FOB,USD,,,,,,,=FOB+Frete_internacional+Seguro_internacional,=Valor_aduaneiro_CIF*II_%/100,=Valor_aduaneiro_CIF+II_valor,=Base_IPI*IPI_%/100,=Valor_aduaneiro_CIF+II_valor+IPI_valor,=Base_PIS_COFINS*PIS_%/100,=Base_PIS_COFINS*COFINS_%/100,,,,,,=FOB+Frete_internacional+Seguro_internacional+II_valor+IPI_valor+PIS_valor+COFINS_valor+AFRMM+Taxa_Siscomex+ICMS+Outras_despesas_origem+Outras_despesas_destino,=FOB+Frete_internacional+Seguro_internacional+II_valor+IPI_valor+AFRMM+Taxa_Siscomex+ICMS+CBS_to_be+IBS_to_be+Outras_despesas_origem+Outras_despesas_destino
,3301.90.30,Águas destiladas aromáticas e soluções aquosas de óleos essenciais,12.6,3.25,2.1,9.65,"ANVISA — RDC 16/2014, 752/2022, 949/2024, 907/2024",,,FOB,USD,,,,,,,=FOB+Frete_internacional+Seguro_internacional,=Valor_aduaneiro_CIF*II_%/100,=Valor_aduaneiro_CIF+II_valor,=Base_IPI*IPI_%/100,=Valor_aduaneiro_CIF+II_valor+IPI_valor,=Base_PIS_COFINS*PIS_%/100,=Base_PIS_COFINS*COFINS_%/100,,,,,,=FOB+Frete_internacional+Seguro_internacional+II_valor+IPI_valor+PIS_valor+COFINS_valor+AFRMM+Taxa_Siscomex+ICMS+Outras_despesas_origem+Outras_despesas_destino,=FOB+Frete_internacional+Seguro_internacional+II_valor+IPI_valor+AFRMM+Taxa_Siscomex+ICMS+CBS_to_be+IBS_to_be+Outras_despesas_origem+Outras_despesas_destino
,3301.90.40,Oleorresinas de extração,7.2,3.25,2.1,9.65,"ANVISA — RDC 16/2014, 752/2022, 949/2024, 907/2024",,,FOB,USD,,,,,,,=FOB+Frete_internacional+Seguro_internacional,=Valor_aduaneiro_CIF*II_%/100,=Valor_aduaneiro_CIF+II_valor,=Base_IPI*IPI_%/100,=Valor_aduaneiro_CIF+II_valor+IPI_valor,=Base_PIS_COFINS*PIS_%/100,=Base_PIS_COFINS*COFINS_%/100,,,,,,=FOB+Frete_internacional+Seguro_internacional+II_valor+IPI_valor+PIS_valor+COFINS_valor+AFRMM+Taxa_Siscomex+ICMS+Outras_despesas_origem+Outras_despesas_destino,=FOB+Frete_internacional+Seguro_internacional+II_valor+IPI_valor+AFRMM+Taxa_Siscomex+ICMS+CBS_to_be+IBS_to_be+Outras_despesas_origem+Outras_despesas_destino
,3302.10.00,- Do tipo utilizado para as indústrias alimentares ou de bebidas,12.6,3.25,2.1,9.65,"ANVISA — RDC 16/2014, 752/2022, 949/2024, 907/2024",,,FOB,USD,,,,,,,=FOB+Frete_internacional+Seguro_internacional,=Valor_aduaneiro_CIF*II_%/100,=Valor_aduaneiro_CIF+II_valor,=Base_IPI*IPI_%/100,=Valor_aduaneiro_CIF+II_valor+IPI_valor,=Base_PIS_COFINS*PIS_%/100,=Base_PIS_COFINS*COFINS_%/100,,,,,,=FOB+Frete_internacional+Seguro_internacional+II_valor+IPI_valor+PIS_valor+COFINS_valor+AFRMM+Taxa_Siscomex+ICMS+Outras_despesas_origem+Outras_despesas_destino,=FOB+Frete_internacional+Seguro_internacional+II_valor+IPI_valor+AFRMM+Taxa_Siscomex+ICMS+CBS_to_be+IBS_to_be+Outras_despesas_origem+Outras_despesas_destino
,3302.90.11,Vetiverol,12.6,3.25,2.1,9.65,"ANVISA — RDC 16/2014, 752/2022, 949/2024, 907/2024",,,FOB,USD,,,,,,,=FOB+Frete_internacional+Seguro_internacional,=Valor_aduaneiro_CIF*II_%/100,=Valor_aduaneiro_CIF+II_valor,=Base_IPI*IPI_%/100,=Valor_aduaneiro_CIF+II_valor+IPI_valor,=Base_PIS_COFINS*PIS_%/100,=Base_PIS_COFINS*COFINS_%/100,,,,,,=FOB+Frete_internacional+Seguro_internacional+II_valor+IPI_valor+PIS_valor+COFINS_valor+AFRMM+Taxa_Siscomex+ICMS+Outras_despesas_origem+Outras_despesas_destino,=FOB+Frete_internacional+Seguro_internacional+II_valor+IPI_valor+AFRMM+Taxa_Siscomex+ICMS+CBS_to_be+IBS_to_be+Outras_despesas_origem+Outras_despesas_destino
,3302.90.19,Outras,12.6,3.25,2.1,9.65,"ANVISA — RDC 16/2014, 752/2022, 949/2024, 907/2024",,,FOB,USD,,,,,,,=FOB+Frete_internacional+Seguro_internacional,=Valor_aduaneiro_CIF*II_%/100,=Valor_aduaneiro_CIF+II_valor,=Base_IPI*IPI_%/100,=Valor_aduaneiro_CIF+II_valor+IPI_valor,=Base_PIS_COFINS*PIS_%/100,=Base_PIS_COFINS*COFINS_%/100,,,,,,=FOB+Frete_internacional+Seguro_internacional+II_valor+IPI_valor+PIS_valor+COFINS_valor+AFRMM+Taxa_Siscomex+ICMS+Outras_despesas_origem+Outras_despesas_destino,=FOB+Frete_internacional+Seguro_internacional+II_valor+IPI_valor+AFRMM+Taxa_Siscomex+ICMS+CBS_to_be+IBS_to_be+Outras_despesas_origem+Outras_despesas_destino
,3302.90.91,Misturas à base de substâncias odoríferas apresentadas sob a forma de microcápsulas,0.0,3.25,2.1,9.65,"ANVISA — RDC 16/2014, 752/2022, 949/2024, 907/2024",,,FOB,USD,,,,,,,=FOB+Frete_internacional+Seguro_internacional,=Valor_aduaneiro_CIF*II_%/100,=Valor_aduaneiro_CIF+II_valor,=Base_IPI*IPI_%/100,=Valor_aduaneiro_CIF+II_valor+IPI_valor,=Base_PIS_COFINS*PIS_%/100,=Base_PIS_COFINS*COFINS_%/100,,,,,,=FOB+Frete_internacional+Seguro_internacional+II_valor+IPI_valor+PIS_valor+COFINS_valor+AFRMM+Taxa_Siscomex+ICMS+Outras_despesas_origem+Outras_despesas_destino,=FOB+Frete_internacional+Seguro_internacional+II_valor+IPI_valor+AFRMM+Taxa_Siscomex+ICMS+CBS_to_be+IBS_to_be+Outras_despesas_origem+Outras_despesas_destino
,3302.90.99,Outras,12.6,3.25,2.1,9.65,"ANVISA — RDC 16/2014, 752/2022, 949/2024, 907/2024",,,FOB,USD,,,,,,,=FOB+Frete_internacional+Seguro_internacional,=Valor_aduaneiro_CIF*II_%/100,=Valor_aduaneiro_CIF+II_valor,=Base_IPI*IPI_%/100,=Valor_aduaneiro_CIF+II_valor+IPI_valor,=Base_PIS_COFINS*PIS_%/100,=Base_PIS_COFINS*COFINS_%/100,,,,,,=FOB+Frete_internacional+Seguro_internacional+II_valor+IPI_valor+PIS_valor+COFINS_valor+AFRMM+Taxa_Siscomex+ICMS+Outras_despesas_origem+Outras_despesas_destino,=FOB+Frete_internacional+Seguro_internacional+II_valor+IPI_valor+AFRMM+Taxa_Siscomex+ICMS+CBS_to_be+IBS_to_be+Outras_despesas_origem+Outras_despesas_destino
,3303.00.10,Perfumes (extratos),18.0,27.3,2.1,9.65,"ANVISA — RDC 16/2014, 752/2022, 949/2024, 907/2024",,,FOB,USD,,,,,,,=FOB+Frete_internacional+Seguro_internacional,=Valor_aduaneiro_CIF*II_%/100,=Valor_aduaneiro_CIF+II_valor,=Base_IPI*IPI_%/100,=Valor_aduaneiro_CIF+II_valor+IPI_valor,=Base_PIS_COFINS*PIS_%/100,=Base_PIS_COFINS*COFINS_%/100,,,,,,=FOB+Frete_internacional+Seguro_internacional+II_valor+IPI_valor+PIS_valor+COFINS_valor+AFRMM+Taxa_Siscomex+ICMS+Outras_despesas_origem+Outras_despesas_destino,=FOB+Frete_internacional+Seguro_internacional+II_valor+IPI_valor+AFRMM+Taxa_Siscomex+ICMS+CBS_to_be+IBS_to_be+Outras_despesas_origem+Outras_despesas_destino
,3303.00.20,Águas-de-colônia,18.0,7.8,2.1,9.65,"ANVISA — RDC 16/2014, 752/2022, 949/2024, 907/2024",,,FOB,USD,,,,,,,=FOB+Frete_internacional+Seguro_internacional,=Valor_aduaneiro_CIF*II_%/100,=Valor_aduaneiro_CIF+II_valor,=Base_IPI*IPI_%/100,=Valor_aduaneiro_CIF+II_valor+IPI_valor,=Base_PIS_COFINS*PIS_%/100,=Base_PIS_COFINS*COFINS_%/100,,,,,,=FOB+Frete_internacional+Seguro_internacional+II_valor+IPI_valor+PIS_valor+COFINS_valor+AFRMM+Taxa_Siscomex+ICMS+Outras_despesas_origem+Outras_despesas_destino,=FOB+Frete_internacional+Seguro_internacional+II_valor+IPI_valor+AFRMM+Taxa_Siscomex+ICMS+CBS_to_be+IBS_to_be+Outras_despesas_origem+Outras_despesas_destino
,3304.10.00,- Produtos de maquiagem para os lábios,18.0,14.3,2.1,9.65,"ANVISA — RDC 16/2014, 752/2022, 949/2024, 907/2024",,,FOB,USD,,,,,,,=FOB+Frete_internacional+Seguro_internacional,=Valor_aduaneiro_CIF*II_%/100,=Valor_aduaneiro_CIF+II_valor,=Base_IPI*IPI_%/100,=Valor_aduaneiro_CIF+II_valor+IPI_valor,=Base_PIS_COFINS*PIS_%/100,=Base_PIS_COFINS*COFINS_%/100,,,,,,=FOB+Frete_internacional+Seguro_internacional+II_valor+IPI_valor+PIS_valor+COFINS_valor+AFRMM+Taxa_Siscomex+ICMS+Outras_despesas_origem+Outras_despesas_destino,=FOB+Frete_internacional+Seguro_internacional+II_valor+IPI_valor+AFRMM+Taxa_Siscomex+ICMS+CBS_to_be+IBS_to_be+Outras_despesas_origem+Outras_despesas_destino
,3304.20.10,"Sombra, delineador, lápis para sobrancelhas e rímel",18.0,14.3,2.1,9.65,"ANVISA — RDC 16/2014, 752/2022, 949/2024, 907/2024",,,FOB,USD,,,,,,,=FOB+Frete_internacional+Seguro_internacional,=Valor_aduaneiro_CIF*II_%/100,=Valor_aduaneiro_CIF+II_valor,=Base_IPI*IPI_%/100,=Valor_aduaneiro_CIF+II_valor+IPI_valor,=Base_PIS_COFINS*PIS_%/100,=Base_PIS_COFINS*COFINS_%/100,,,,,,=FOB+Frete_internacional+Seguro_internacional+II_valor+IPI_valor+PIS_valor+COFINS_valor+AFRMM+Taxa_Siscomex+ICMS+Outras_despesas_origem+Outras_despesas_destino,=FOB+Frete_internacional+Seguro_internacional+II_valor+IPI_valor+AFRMM+Taxa_Siscomex+ICMS+CBS_to_be+IBS_to_be+Outras_despesas_origem+Outras_despesas_destino
,3304.20.90,Outros,18.0,14.3,2.1,9.65,"ANVISA — RDC 16/2014, 752/2022, 949/2024, 907/2024",,,FOB,USD,,,,,,,=FOB+Frete_internacional+Seguro_internacional,=Valor_aduaneiro_CIF*II_%/100,=Valor_aduaneiro_CIF+II_valor,=Base_IPI*IPI_%/100,=Valor_aduaneiro_CIF+II_valor+IPI_valor,=Base_PIS_COFINS*PIS_%/100,=Base_PIS_COFINS*COFINS_%/100,,,,,,=FOB+Frete_internacional+Seguro_internacional+II_valor+IPI_valor+PIS_valor+COFINS_valor+AFRMM+Taxa_Siscomex+ICMS+Outras_despesas_origem+Outras_despesas_destino,=FOB+Frete_internacional+Seguro_internacional+II_valor+IPI_valor+AFRMM+Taxa_Siscomex+ICMS+CBS_to_be+IBS_to_be+Outras_despesas_origem+Outras_despesas_destino
,3304.30.00,- Preparações para manicuros e pedicuros,18.0,14.3,2.1,9.65,"ANVISA — RDC 16/2014, 752/2022, 949/2024, 907/2024",,,FOB,USD,,,,,,,=FOB+Frete_internacional+Seguro_internacional,=Valor_aduaneiro_CIF*II_%/100,=Valor_aduaneiro_CIF+II_valor,=Base_IPI*IPI_%/100,=Valor_aduaneiro_CIF+II_valor+IPI_valor,=Base_PIS_COFINS*PIS_%/100,=Base_PIS_COFINS*COFINS_%/100,,,,,,=FOB+Frete_internacional+Seguro_internacional+II_valor+IPI_valor+PIS_valor+COFINS_valor+AFRMM+Taxa_Siscomex+ICMS+Outras_despesas_origem+Outras_despesas_destino,=FOB+Frete_internacional+Seguro_internacional+II_valor+IPI_valor+AFRMM+Taxa_Siscomex+ICMS+CBS_to_be+IBS_to_be+Outras_despesas_origem+Outras_despesas_destino
,3304.91.00,"-- Pós, incluindo os compactos",18.0,14.3,2.1,9.65,"ANVISA — RDC 16/2014, 752/2022, 949/2024, 907/2024",,,FOB,USD,,,,,,,=FOB+Frete_internacional+Seguro_internacional,=Valor_aduaneiro_CIF*II_%/100,=Valor_aduaneiro_CIF+II_valor,=Base_IPI*IPI_%/100,=Valor_aduaneiro_CIF+II_valor+IPI_valor,=Base_PIS_COFINS*PIS_%/100,=Base_PIS_COFINS*COFINS_%/100,,,,,,=FOB+Frete_internacional+Seguro_internacional+II_valor+IPI_valor+PIS_valor+COFINS_valor+AFRMM+Taxa_Siscomex+ICMS+Outras_despesas_origem+Outras_despesas_destino,=FOB+Frete_internacional+Seguro_internacional+II_valor+IPI_valor+AFRMM+Taxa_Siscomex+ICMS+CBS_to_be+IBS_to_be+Outras_despesas_origem+Outras_despesas_destino
,3304.99.10,Cremes de beleza e cremes nutritivos; loções tônicas,18.0,14.3,2.1,9.65,"ANVISA — RDC 16/2014, 752/2022, 949/2024, 907/2024",,,FOB,USD,,,,,,,=FOB+Frete_internacional+Seguro_internacional,=Valor_aduaneiro_CIF*II_%/100,=Valor_aduaneiro_CIF+II_valor,=Base_IPI*IPI_%/100,=Valor_aduaneiro_CIF+II_valor+IPI_valor,=Base_PIS_COFINS*PIS_%/100,=Base_PIS_COFINS*COFINS_%/100,,,,,,=FOB+Frete_internacional+Seguro_internacional+II_valor+IPI_valor+PIS_valor+COFINS_valor+AFRMM+Taxa_Siscomex+ICMS+Outras_despesas_origem+Outras_despesas_destino,=FOB+Frete_internacional+Seguro_internacional+II_valor+IPI_valor+AFRMM+Taxa_Siscomex+ICMS+CBS_to_be+IBS_to_be+Outras_despesas_origem+Outras_despesas_destino
,3304.99.90,Outros,18.0,14.3,2.1,9.65,"ANVISA — RDC 16/2014, 752/2022, 949/2024, 907/2024",,,FOB,USD,,,,,,,=FOB+Frete_internacional+Seguro_internacional,=Valor_aduaneiro_CIF*II_%/100,=Valor_aduaneiro_CIF+II_valor,=Base_IPI*IPI_%/100,=Valor_aduaneiro_CIF+II_valor+IPI_valor,=Base_PIS_COFINS*PIS_%/100,=Base_PIS_COFINS*COFINS_%/100,,,,,,=FOB+Frete_internacional+Seguro_internacional+II_valor+IPI_valor+PIS_valor+COFINS_valor+AFRMM+Taxa_Siscomex+ICMS+Outras_despesas_origem+Outras_despesas_destino,=FOB+Frete_internacional+Seguro_internacional+II_valor+IPI_valor+AFRMM+Taxa_Siscomex+ICMS+CBS_to_be+IBS_to_be+Outras_despesas_origem+Outras_despesas_destino
,3305.10.00,- Xampus,18.0,4.55,2.1,9.65,"ANVISA — RDC 16/2014, 752/2022, 949/2024, 907/2024",,,FOB,USD,,,,,,,=FOB+Frete_internacional+Seguro_internacional,=Valor_aduaneiro_CIF*II_%/100,=Valor_aduaneiro_CIF+II_valor,=Base_IPI*IPI_%/100,=Valor_aduaneiro_CIF+II_valor+IPI_valor,=Base_PIS_COFINS*PIS_%/100,=Base_PIS_COFINS*COFINS_%/100,,,,,,=FOB+Frete_internacional+Seguro_internacional+II_valor+IPI_valor+PIS_valor+COFINS_valor+AFRMM+Taxa_Siscomex+ICMS+Outras_despesas_origem+Outras_despesas_destino,=FOB+Frete_internacional+Seguro_internacional+II_valor+IPI_valor+AFRMM+Taxa_Siscomex+ICMS+CBS_to_be+IBS_to_be+Outras_despesas_origem+Outras_despesas_destino
,3305.20.00,"- Preparações para ondulação ou alisamento, permanentes",18.0,14.3,2.1,9.65,"ANVISA — RDC 16/2014, 752/2022, 949/2024, 907/2024",,,FOB,USD,,,,,,,=FOB+Frete_internacional+Seguro_internacional,=Valor_aduaneiro_CIF*II_%/100,=Valor_aduaneiro_CIF+II_valor,=Base_IPI*IPI_%/100,=Valor_aduaneiro_CIF+II_valor+IPI_valor,=Base_PIS_COFINS*PIS_%/100,=Base_PIS_COFINS*COFINS_%/100,,,,,,=FOB+Frete_internacional+Seguro_internacional+II_valor+IPI_valor+PIS_valor+COFINS_valor+AFRMM+Taxa_Siscomex+ICMS+Outras_despesas_origem+Outras_despesas_destino,=FOB+Frete_internacional+Seguro_internacional+II_valor+IPI_valor+AFRMM+Taxa_Siscomex+ICMS+CBS_to_be+IBS_to_be+Outras_despesas_origem+Outras_despesas_destino
,3305.30.00,- Laquês (Lacas*) para o cabelo,18.0,14.3,2.1,9.65,"ANVISA — RDC 16/2014, 752/2022, 949/2024, 907/2024",,,FOB,USD,,,,,,,=FOB+Frete_internacional+Seguro_internacional,=Valor_aduaneiro_CIF*II_%/100,=Valor_aduaneiro_CIF+II_valor,=Base_IPI*IPI_%/100,=Valor_aduaneiro_CIF+II_valor+IPI_valor,=Base_PIS_COFINS*PIS_%/100,=Base_PIS_COFINS*COFINS_%/100,,,,,,=FOB+Frete_internacional+Seguro_internacional+II_valor+IPI_valor+PIS_valor+COFINS_valor+AFRMM+Taxa_Siscomex+ICMS+Outras_despesas_origem+Outras_despesas_destino,=FOB+Frete_internacional+Seguro_internacional+II_valor+IPI_valor+AFRMM+Taxa_Siscomex+ICMS+CBS_to_be+IBS_to_be+Outras_despesas_origem+Outras_despesas_destino
,3305.90.00,- Outras,18.0,14.3,2.1,9.65,"ANVISA — RDC 16/2014, 752/2022, 949/2024, 907/2024",,,FOB,USD,,,,,,,=FOB+Frete_internacional+Seguro_internacional,=Valor_aduaneiro_CIF*II_%/100,=Valor_aduaneiro_CIF+II_valor,=Base_IPI*IPI_%/100,=Valor_aduaneiro_CIF+II_valor+IPI_valor,=Base_PIS_COFINS*PIS_%/100,=Base_PIS_COFINS*COFINS_%/100,,,,,,=FOB+Frete_internacional+Seguro_internacional+II_valor+IPI_valor+PIS_valor+COFINS_valor+AFRMM+Taxa_Siscomex+ICMS+Outras_despesas_origem+Outras_despesas_destino,=FOB+Frete_internacional+Seguro_internacional+II_valor+IPI_valor+AFRMM+Taxa_Siscomex+ICMS+CBS_to_be+IBS_to_be+Outras_despesas_origem+Outras_despesas_destino
,3306.10.00,- Dentifrícios (dentífricos),18.0,,2.1,9.65,"ANVISA — RDC 16/2014, 752/2022, 949/2024, 907/2024",,,FOB,USD,,,,,,,=FOB+Frete_internacional+Seguro_internacional,=Valor_aduaneiro_CIF*II_%/100,=Valor_aduaneiro_CIF+II_valor,=Base_IPI*IPI_%/100,=Valor_aduaneiro_CIF+II_valor+IPI_valor,=Base_PIS_COFINS*PIS_%/100,=Base_PIS_COFINS*COFINS_%/100,,,,,,=FOB+Frete_internacional+Seguro_internacional+II_valor+IPI_valor+PIS_valor+COFINS_valor+AFRMM+Taxa_Siscomex+ICMS+Outras_despesas_origem+Outras_despesas_destino,=FOB+Frete_internacional+Seguro_internacional+II_valor+IPI_valor+AFRMM+Taxa_Siscomex+ICMS+CBS_to_be+IBS_to_be+Outras_despesas_origem+Outras_despesas_destino
,3306.20.00,- Fios utilizados para limpar os espaços interdentais (fios dentais),16.0,,2.1,9.65,"ANVISA — RDC 16/2014, 752/2022, 949/2024, 907/2024",,,FOB,USD,,,,,,,=FOB+Frete_internacional+Seguro_internacional,=Valor_aduaneiro_CIF*II_%/100,=Valor_aduaneiro_CIF+II_valor,=Base_IPI*IPI_%/100,=Valor_aduaneiro_CIF+II_valor+IPI_valor,=Base_PIS_COFINS*PIS_%/100,=Base_PIS_COFINS*COFINS_%/100,,,,,,=FOB+Frete_internacional+Seguro_internacional+II_valor+IPI_valor+PIS_valor+COFINS_valor+AFRMM+Taxa_Siscomex+ICMS+Outras_despesas_origem+Outras_despesas_destino,=FOB+Frete_internacional+Seguro_internacional+II_valor+IPI_valor+AFRMM+Taxa_Siscomex+ICMS+CBS_to_be+IBS_to_be+Outras_despesas_origem+Outras_despesas_destino
,3306.90.00,- Outras,18.0,,2.1,9.65,"ANVISA — RDC 16/2014, 752/2022, 949/2024, 907/2024",,,FOB,USD,,,,,,,=FOB+Frete_internacional+Seguro_internacional,=Valor_aduaneiro_CIF*II_%/100,=Valor_aduaneiro_CIF+II_valor,=Base_IPI*IPI_%/100,=Valor_aduaneiro_CIF+II_valor+IPI_valor,=Base_PIS_COFINS*PIS_%/100,=Base_PIS_COFINS*COFINS_%/100,,,,,,=FOB+Frete_internacional+Seguro_internacional+II_valor+IPI_valor+PIS_valor+COFINS_valor+AFRMM+Taxa_Siscomex+ICMS+Outras_despesas_origem+Outras_despesas_destino,=FOB+Frete_internacional+Seguro_internacional+II_valor+IPI_valor+AFRMM+Taxa_Siscomex+ICMS+CBS_to_be+IBS_to_be+Outras_despesas_origem+Outras_despesas_destino
,3307.10.00,"- Preparações para barbear (antes, durante ou após)",18.0,14.3,2.1,9.65,"ANVISA — RDC 16/2014, 752/2022, 949/2024, 907/2024",,,FOB,USD,,,,,,,=FOB+Frete_internacional+Seguro_internacional,=Valor_aduaneiro_CIF*II_%/100,=Valor_aduaneiro_CIF+II_valor,=Base_IPI*IPI_%/100,=Valor_aduaneiro_CIF+II_valor+IPI_valor,=Base_PIS_COFINS*PIS_%/100,=Base_PIS_COFINS*COFINS_%/100,,,,,,=FOB+Frete_internacional+Seguro_internacional+II_valor+IPI_valor+PIS_valor+COFINS_valor+AFRMM+Taxa_Siscomex+ICMS+Outras_despesas_origem+Outras_despesas_destino,=FOB+Frete_internacional+Seguro_internacional+II_valor+IPI_valor+AFRMM+Taxa_Siscomex+ICMS+CBS_to_be+IBS_to_be+Outras_despesas_origem+Outras_despesas_destino
,3307.20.10,Líquidos,18.0,4.55,2.1,9.65,"ANVISA — RDC 16/2014, 752/2022, 949/2024, 907/2024",,,FOB,USD,,,,,,,=FOB+Frete_internacional+Seguro_internacional,=Valor_aduaneiro_CIF*II_%/100,=Valor_aduaneiro_CIF+II_valor,=Base_IPI*IPI_%/100,=Valor_aduaneiro_CIF+II_valor+IPI_valor,=Base_PIS_COFINS*PIS_%/100,=Base_PIS_COFINS*COFINS_%/100,,,,,,=FOB+Frete_internacional+Seguro_internacional+II_valor+IPI_valor+PIS_valor+COFINS_valor+AFRMM+Taxa_Siscomex+ICMS+Outras_despesas_origem+Outras_despesas_destino,=FOB+Frete_internacional+Seguro_internacional+II_valor+IPI_valor+AFRMM+Taxa_Siscomex+ICMS+CBS_to_be+IBS_to_be+Outras_despesas_origem+Outras_despesas_destino
,3307.20.90,Outros,18.0,4.55,2.1,9.65,"ANVISA — RDC 16/2014, 752/2022, 949/2024, 907/2024",,,FOB,USD,,,,,,,=FOB+Frete_internacional+Seguro_internacional,=Valor_aduaneiro_CIF*II_%/100,=Valor_aduaneiro_CIF+II_valor,=Base_IPI*IPI_%/100,=Valor_aduaneiro_CIF+II_valor+IPI_valor,=Base_PIS_COFINS*PIS_%/100,=Base_PIS_COFINS*COFINS_%/100,,,,,,=FOB+Frete_internacional+Seguro_internacional+II_valor+IPI_valor+PIS_valor+COFINS_valor+AFRMM+Taxa_Siscomex+ICMS+Outras_despesas_origem+Outras_despesas_destino,=FOB+Frete_internacional+Seguro_internacional+II_valor+IPI_valor+AFRMM+Taxa_Siscomex+ICMS+CBS_to_be+IBS_to_be+Outras_despesas_origem+Outras_despesas_destino
,3307.30.00,- Sais perfumados e outras preparações para banhos,18.0,14.3,2.1,9.65,"ANVISA — RDC 16/2014, 752/2022, 949/2024, 907/2024",,,FOB,USD,,,,,,,=FOB+Frete_internacional+Seguro_internacional,=Valor_aduaneiro_CIF*II_%/100,=Valor_aduaneiro_CIF+II_valor,=Base_IPI*IPI_%/100,=Valor_aduaneiro_CIF+II_valor+IPI_valor,=Base_PIS_COFINS*PIS_%/100,=Base_PIS_COFINS*COFINS_%/100,,,,,,=FOB+Frete_internacional+Seguro_internacional+II_valor+IPI_valor+PIS_valor+COFINS_valor+AFRMM+Taxa_Siscomex+ICMS+Outras_despesas_origem+Outras_despesas_destino,=FOB+Frete_internacional+Seguro_internacional+II_valor+IPI_valor+AFRMM+Taxa_Siscomex+ICMS+CBS_to_be+IBS_to_be+Outras_despesas_origem+Outras_despesas_destino
,3307.41.00,-- Agarbate e outras preparações odoríferas que atuem por combustão,18.0,14.3,2.1,9.65,"ANVISA — RDC 16/2014, 752/2022, 949/2024, 907/2024",,,FOB,USD,,,,,,,=FOB+Frete_internacional+Seguro_internacional,=Valor_aduaneiro_CIF*II_%/100,=Valor_aduaneiro_CIF+II_valor,=Base_IPI*IPI_%/100,=Valor_aduaneiro_CIF+II_valor+IPI_valor,=Base_PIS_COFINS*PIS_%/100,=Base_PIS_COFINS*COFINS_%/100,,,,,,=FOB+Frete_internacional+Seguro_internacional+II_valor+IPI_valor+PIS_valor+COFINS_valor+AFRMM+Taxa_Siscomex+ICMS+Outras_despesas_origem+Outras_despesas_destino,=FOB+Frete_internacional+Seguro_internacional+II_valor+IPI_valor+AFRMM+Taxa_Siscomex+ICMS+CBS_to_be+IBS_to_be+Outras_despesas_origem+Outras_despesas_destino
,3307.49.00,-- Outras,18.0,22.0,2.1,9.65,"ANVISA — RDC 16/2014, 752/2022, 949/2024, 907/2024",,,FOB,USD,,,,,,,=FOB+Frete_internacional+Seguro_internacional,=Valor_aduaneiro_CIF*II_%/100,=Valor_aduaneiro_CIF+II_valor,=Base_IPI*IPI_%/100,=Valor_aduaneiro_CIF+II_valor+IPI_valor,=Base_PIS_COFINS*PIS_%/100,=Base_PIS_COFINS*COFINS_%/100,,,,,,=FOB+Frete_internacional+Seguro_internacional+II_valor+IPI_valor+PIS_valor+COFINS_valor+AFRMM+Taxa_Siscomex+ICMS+Outras_despesas_origem+Outras_despesas_destino,=FOB+Frete_internacional+Seguro_internacional+II_valor+IPI_valor+AFRMM+Taxa_Siscomex+ICMS+CBS_to_be+IBS_to_be+Outras_despesas_origem+Outras_despesas_destino
,3307.90.00,- Outros,18.0,14.3,2.1,9.65,"ANVISA — RDC 16/2014, 752/2022, 949/2024, 907/2024",,,FOB,USD,,,,,,,=FOB+Frete_internacional+Seguro_internacional,=Valor_aduaneiro_CIF*II_%/100,=Valor_aduaneiro_CIF+II_valor,=Base_IPI*IPI_%/100,=Valor_aduaneiro_CIF+II_valor+IPI_valor,=Base_PIS_COFINS*PIS_%/100,=Base_PIS_COFINS*COFINS_%/100,,,,,,=FOB+Frete_internacional+Seguro_internacional+II_valor+IPI_valor+PIS_valor+COFINS_valor+AFRMM+Taxa_Siscomex+ICMS+Outras_despesas_origem+Outras_despesas_destino,=FOB+Frete_internacional+Seguro_internacional+II_valor+IPI_valor+AFRMM+Taxa_Siscomex+ICMS+CBS_to_be+IBS_to_be+Outras_despesas_origem+Outras_despesas_destino
